id,radius_mean,texture_mean,perimeter_mean,area_mean,smoothness_mean,compactness_mean,concavity_mean,concave.points_mean,symmetry_mean,fractal_dimension_mean,radius_se,texture_se,perimeter_se,area_se,smoothness_se,compactness_se,concavity_se,concave.points_se,symmetry_se,fractal_dimension_se,radius_worst,texture_worst,perimeter_worst,area_worst,smoothness_worst,compactness_worst,concavity_worst,concave.points_worst,symmetry_worst,fractal_dimension_worst,above_18y
1,16.13,20.68,108.1,798.8,0.117,0.2022,0.1722,0.1028,0.2164,0.07356,0.5692,1.073,3.854,54.18,0.007026,0.02501,0.03188,0.01297,0.01689,0.004142,20.96,31.48,136.8,1315,0.1789,0.4233,0.4784,0.2073,0.3706,0.1142,1
2,19.81,22.15,130,1260,0.09831,0.1027,0.1479,0.09498,0.1582,0.05395,0.7582,1.017,5.865,112.4,0.006494,0.01893,0.03391,0.01521,0.01356,0.001997,27.32,30.88,186.8,2398,0.1512,0.315,0.5372,0.2388,0.2768,0.07615,1
3,13.54,14.36,87.46,566.3,0.09779,0.08129,0.06664,0.04781,0.1885,0.05766,0.2699,0.7886,2.058,23.56,0.008462,0.0146,0.02387,0.01315,0.0198,0.0023,15.11,19.26,99.7,711.2,0.144,0.1773,0.239,0.1288,0.2977,0.07259,1
4,13.08,15.71,85.63,520,0.1075,0.127,0.04568,0.0311,0.1967,0.06811,0.1852,0.7477,1.383,14.67,0.004097,0.01898,0.01698,0.00649,0.01678,0.002425,14.5,20.49,96.09,630.5,0.1312,0.2776,0.189,0.07283,0.3184,0.08183,1
5,15.99,22.725,101.235,524.4,0.13188,0.06453,0,0,0.2892,0.089625,0.49635,2.8875,3.2325,32.97,0.0130695,0.015255,0,0,0.048975,0.001503,17.31,28.8,109.8,612.45,0.1614,0.101865,0,0,0.4065,0.09246,1
6,13.0065,21.675,81.63,340.8,0.13707,0.06414,0,0,0.2583,0.10086,0.3306,1.18095,2.1525,17.04,0.013758,0.0120105,0,0,0.040665,0.0050985,13.893,25.56,87.54,388.8,0.1743,0.105855,0,0,0.3888,0.11772,1
